{
  "centroids": [
    -0.1330407393202315,
    -0.03999121124123528,
    0.03999121124123528,
    0.1330407393202315
  ],
  "boundaries": [
    -1.0,
    -0.08651597528073339,
    0.0,
    0.08651597528073339,
    1.0
  ]
}