{
  "centroids": [
    -0.1883942455757734,
    -0.11813673216469954,
    -0.06658336537786409,
    -0.02160348655569125,
    0.02160348655569125,
    0.06658336537786409,
    0.11813673216469954,
    0.1883942455757734
  ],
  "boundaries": [
    -1.0,
    -0.15326548887023647,
    -0.09236004877128182,
    -0.04409342596677767,
    0.0,
    0.04409342596677767,
    0.09236004877128182,
    0.15326548887023647,
    1.0
  ]
}